{"count":1,"self":689.597184,"total":716.2300233,"children":{"InitializeActuators":{"count":12,"self":0.00099859999999999988,"total":0.00099859999999999988,"children":null},"InitializeSensors":{"count":12,"self":0.0030020999999999997,"total":0.0030020999999999997,"children":null},"AgentSendState":{"count":35756,"self":13.290236799999999,"total":24.9935996,"children":{"CollectObservations":{"count":85824,"self":0.1735176,"total":0.1735176,"children":null},"WriteActionMask":{"count":85824,"self":0.0730098,"total":0.0730098,"children":null},"RequestDecision":{"count":85824,"self":11.0492072,"total":11.4568358,"children":{"RayPerceptionSensor.Perceive":{"count":257472,"self":0.4076284,"total":0.4076284,"children":null}}}}},"DecideAction":{"count":35756,"self":0.31473029999999996,"total":0.31473029999999996,"children":null},"AgentAct":{"count":35756,"self":1.3039863999999999,"total":1.3039863999999999,"children":null},"RayPerceptionSensor.Perceive":{"count":5634,"self":0.015003299999999999,"total":0.015003299999999999,"children":null}},"gauges":{"Tron_newGeneration.CumulativeReward":{"count":1878,"max":100.82,"min":-0.75,"runningAverage":11.3123093,"value":100.34,"weightedAverage":33.2832451}},"metadata":{"timer_format_version":"0.1.0","start_time_seconds":"1713125537","unity_version":"2022.3.7f1","command_line_arguments":"C:\\ProgInf\\unity\\Thesis\\BuiltProject\\Thesis.exe","communication_protocol_version":"1.5.0","com.unity.ml-agents_version":"2.0.1","scene_name":"3dTron","end_time_seconds":"1713126253"}}